repeat,frame,read_ms,wall_ms,detection_ms,segmentation_ms,tracking_ms,anomaly_ms,decision_ms,visualization_ms,total_ms,zero_shot_ms,signal_ms,detections,tracks,anomalies,action,road_mask_coverage,torch_threads
0,0,0.29895900000198594,434.5046249999989,60.54,370.92,0.53,0.76,0.03,1.36,434.15,0.0,0.0,5,5,0,emergency_stop,0.0,2
0,1,0.31000000000247496,428.2053330000011,61.12,364.25,0.37,0.67,0.03,1.34,427.79,0.0,0.0,5,5,0,emergency_stop,0.0,2
0,2,0.30079200000088235,433.0607079999993,58.32,371.79,0.36,0.79,0.03,1.3,432.61,0.0,0.0,5,5,0,emergency_stop,0.0,2
0,3,0.2980419999971673,432.20833399999844,58.79,370.63,0.37,0.61,0.03,1.36,431.81,0.0,0.0,5,5,0,emergency_stop,0.0,2
0,4,0.27441699999997127,431.50370800000104,58.64,370.13,0.37,0.62,0.03,1.34,431.12,0.0,0.0,5,5,0,emergency_stop,0.0,2
0,5,0.2896250000006262,421.5647500000017,57.95,360.75,0.36,0.75,0.03,1.33,421.17,0.0,0.0,5,5,0,emergency_stop,0.0,2
0,6,0.2961660000018185,423.5635000000002,60.43,360.37,0.36,0.65,0.03,1.31,423.16,0.0,0.0,5,5,0,emergency_stop,0.0,2
0,7,0.3093340000006606,427.58266699999933,60.07,364.61,0.37,0.76,0.03,1.32,427.17,0.0,0.0,5,5,0,emergency_stop,0.0,2
0,8,0.3012079999997752,425.6590419999995,59.61,363.33,0.36,0.6,0.03,1.31,425.25,0.0,0.0,5,5,0,emergency_stop,0.0,2
0,9,0.30824999999978786,8117.479874999997,57.97,364.53,0.4,0.61,0.03,1.38,8117.04,7692.12,0.0,5,5,0,emergency_stop,0.0,2
0,10,0.3212090000026535,437.99295900000243,63.69,371.05,0.36,0.97,0.04,1.39,437.52,0.0,0.0,5,5,0,emergency_stop,0.0,2
0,11,0.29495900000142683,431.7776250000023,61.15,367.75,0.4,0.63,0.03,1.38,431.35,0.0,0.0,5,5,0,emergency_stop,0.0,2
0,12,0.2829169999998271,429.3179169999988,57.6,368.96,0.36,0.61,0.03,1.36,428.93,0.0,0.0,5,5,0,emergency_stop,0.0,2
0,13,0.29449999999897614,429.487666,57.93,368.74,0.36,0.64,0.03,1.37,429.08,0.0,0.0,5,5,0,emergency_stop,0.0,2
0,14,0.2935000000015009,426.4806249999999,57.96,365.75,0.36,0.61,0.03,1.35,426.07,0.0,0.0,5,5,0,emergency_stop,0.0,2
0,15,0.29183300000212853,421.57066699999746,57.74,361.03,0.36,0.63,0.03,1.38,421.18,0.0,0.0,5,5,0,emergency_stop,0.0,2
0,16,0.297165999995741,421.991540999997,59.83,359.18,0.37,0.79,0.04,1.36,421.58,0.0,0.0,5,5,0,emergency_stop,0.0,2
0,17,0.31391699999971934,424.7310419999977,60.46,361.42,0.36,0.68,0.03,1.35,424.3,0.0,0.0,5,5,0,emergency_stop,0.0,2
0,18,0.2927080000034721,425.44612500000056,57.87,364.82,0.36,0.6,0.03,1.36,425.05,0.0,0.0,5,5,0,emergency_stop,0.0,2
0,19,0.278833999999506,7826.222667000004,57.56,362.21,0.4,0.62,0.03,1.35,7825.83,7403.64,0.0,5,5,0,emergency_stop,0.0,2
0,20,0.2951250000009509,424.6221249999991,64.36,357.41,0.37,0.62,0.03,1.41,424.21,0.0,0.0,5,5,0,emergency_stop,0.0,2
0,21,0.30270900000317624,434.4964590000018,59.6,371.95,0.36,0.75,0.03,1.38,434.09,0.0,0.0,5,5,0,emergency_stop,0.0,2
0,22,0.32904200000416495,425.39670800000096,60.16,362.26,0.36,0.74,0.03,1.38,424.94,0.0,0.0,5,5,0,emergency_stop,0.0,2
0,23,0.30170800000206555,429.2625829999963,59.89,366.39,0.38,0.73,0.03,1.4,428.82,0.0,0.0,5,5,0,emergency_stop,0.0,2
0,24,0.2972500000026912,428.5010420000006,59.02,366.67,0.36,0.6,0.03,1.41,428.1,0.0,0.0,5,5,0,emergency_stop,0.0,2
0,25,0.2951250000009509,424.6890840000006,58.15,363.51,0.37,0.84,0.03,1.38,424.29,0.0,0.0,5,5,0,emergency_stop,0.0,2
0,26,0.32137499999862484,426.7203329999987,58.59,365.29,0.37,0.61,0.03,1.4,426.29,0.0,0.0,5,5,0,emergency_stop,0.0,2
0,27,0.29570800000300324,429.2732500000014,58.65,367.63,0.36,0.79,0.04,1.38,428.87,0.0,0.0,5,5,0,emergency_stop,0.0,2
0,28,0.32595900000131905,428.263084000001,60.74,364.57,0.37,0.74,0.03,1.37,427.83,0.0,0.0,5,5,0,emergency_stop,0.0,2
0,29,0.2945410000023685,7841.225000000001,60.57,359.64,0.41,0.61,0.03,1.42,7840.82,7418.13,0.0,5,5,0,emergency_stop,0.0,2
1,0,0.3181250000068303,423.45183300000144,59.6,360.96,0.37,0.63,0.03,1.43,423.03,0.0,0.0,5,5,0,emergency_stop,0.0,2
1,1,0.28624999998783096,429.46670799999254,59.44,367.21,0.36,0.61,0.03,1.42,429.07,0.0,0.0,5,5,0,emergency_stop,0.0,2
1,2,0.2860419999990427,428.84383300000195,58.15,367.72,0.36,0.75,0.03,1.4,428.42,0.0,0.0,5,5,0,emergency_stop,0.0,2
1,3,0.299208000001272,431.36737500000777,60.25,368.1,0.37,0.75,0.03,1.46,430.96,0.0,0.0,5,5,0,emergency_stop,0.0,2
1,4,0.30412499999954434,426.8935000000056,58.15,365.84,0.36,0.67,0.03,1.42,426.47,0.0,0.0,5,5,0,emergency_stop,0.0,2
1,5,0.29287499999952615,431.18779099999927,60.23,368.13,0.36,0.61,0.03,1.41,430.78,0.0,0.0,5,5,0,emergency_stop,0.0,2
1,6,0.3033750000014379,424.0781250000083,61.1,360.13,0.37,0.63,0.03,1.39,423.66,0.0,0.0,5,5,0,emergency_stop,0.0,2
1,7,0.30912499998692056,423.8830409999963,59.54,361.49,0.37,0.61,0.03,1.41,423.47,0.0,0.0,5,5,0,emergency_stop,0.0,2
1,8,0.31725000000903947,425.20375000000854,59.54,362.81,0.36,0.61,0.03,1.42,424.78,0.0,0.0,5,5,0,emergency_stop,0.0,2
1,9,0.29045799999494193,7801.8115,57.96,367.41,0.4,0.62,0.03,1.46,7801.41,7373.52,0.0,5,5,0,emergency_stop,0.0,2
1,10,0.30608299999812516,433.88324999999384,64.64,366.39,0.35,0.63,0.03,1.42,433.47,0.0,0.0,5,5,0,emergency_stop,0.0,2
1,11,0.30399999999985994,421.63645899999835,59.09,359.74,0.36,0.62,0.03,1.38,421.23,0.0,0.0,5,5,0,emergency_stop,0.0,2
1,12,0.2773749999960273,427.54479200000617,60.0,364.74,0.36,0.61,0.03,1.42,427.16,0.0,0.0,5,5,0,emergency_stop,0.0,2
1,13,0.2877499999982547,431.79812500000025,59.29,369.42,0.36,0.83,0.03,1.44,431.4,0.0,0.0,5,5,0,emergency_stop,0.0,2
1,14,0.31270899999924495,430.3019999999975,60.59,366.8,0.36,0.61,0.03,1.45,429.85,0.0,0.0,5,5,0,emergency_stop,0.0,2
1,15,0.29050000000552245,433.01950000000033,58.29,371.86,0.36,0.64,0.03,1.44,432.62,0.0,0.0,5,5,0,emergency_stop,0.0,2
1,16,0.32450000000494583,553.023416000002,59.2,489.18,0.36,1.21,0.04,2.53,552.54,0.0,0.0,5,5,0,emergency_stop,0.0,2
1,17,0.5311660000018037,478.268749999998,89.13,385.76,0.58,0.69,0.03,1.41,477.62,0.0,0.0,5,5,0,emergency_stop,0.0,2
1,18,0.31033299998739494,426.11104099999864,58.45,364.78,0.37,0.64,0.03,1.42,425.69,0.0,0.0,5,5,0,emergency_stop,0.0,2
1,19,0.3070420000028662,7803.008833000007,58.01,364.74,0.4,0.61,0.03,1.42,7802.6,7377.39,0.0,5,5,0,emergency_stop,0.0,2
1,20,0.3315839999942227,429.3368339999972,60.62,365.59,0.36,0.82,0.03,1.45,428.89,0.0,0.0,5,5,0,emergency_stop,0.0,2
1,21,0.3312500000021146,426.9749999999988,59.44,364.71,0.36,0.61,0.03,1.39,426.54,0.0,0.0,5,5,0,emergency_stop,0.0,2
1,22,0.3192499999897791,423.98583299998904,58.88,362.17,0.35,0.72,0.03,1.41,423.55,0.0,0.0,5,5,0,emergency_stop,0.0,2
1,23,0.2960839999985865,419.2817089999892,57.99,358.46,0.36,0.61,0.03,1.41,418.88,0.0,0.0,5,5,0,emergency_stop,0.0,2
1,24,0.31774999999356623,472.07695799998817,61.77,407.4,0.36,0.62,0.03,1.46,471.64,0.0,0.0,5,5,0,emergency_stop,0.0,2
1,25,0.3044169999952828,423.06466699999135,58.57,361.63,0.36,0.6,0.03,1.44,422.65,0.0,0.0,5,5,0,emergency_stop,0.0,2
1,26,0.31683299999940573,424.4411250000013,57.37,364.13,0.37,0.74,0.03,1.39,424.02,0.0,0.0,5,5,0,emergency_stop,0.0,2
1,27,0.30049999999448573,422.1200420000031,57.86,361.47,0.35,0.61,0.03,1.39,421.71,0.0,0.0,5,5,0,emergency_stop,0.0,2
1,28,0.2873330000028318,422.8502919999926,58.46,361.58,0.36,0.61,0.03,1.41,422.46,0.0,0.0,5,5,0,emergency_stop,0.0,2
1,29,0.3052080000003343,7801.383540999993,58.78,362.39,0.39,0.61,0.03,1.41,7800.97,7377.35,0.0,5,5,0,emergency_stop,0.0,2
