repeat,frame,read_ms,wall_ms,detection_ms,segmentation_ms,tracking_ms,anomaly_ms,decision_ms,visualization_ms,total_ms,zero_shot_ms,signal_ms,detections,tracks,anomalies,action,traffic_signal,road_mask_coverage,torch_threads
0,0,0.24843000005603244,44.3188240001291,9.01,27.02,0.56,3.64,0.15,3.47,43.97,0.0,0.02,5,5,0,emergency_stop,Unknown,0.13019097222222223,2
0,1,0.26298900002075243,44.93886099999145,8.99,27.44,0.51,4.12,0.11,3.31,44.57,0.0,0.01,5,5,0,emergency_stop,Unknown,0.13019097222222223,2
0,2,0.24175299995476962,43.0148799998733,9.03,26.13,0.51,3.74,0.1,3.08,42.69,0.0,0.01,5,5,0,emergency_stop,Unknown,0.13019097222222223,2
0,3,0.2511620000404946,42.34397300001547,9.05,25.63,0.6,3.43,0.1,3.04,41.98,0.0,0.01,5,5,0,emergency_stop,Unknown,0.13019097222222223,2
0,4,0.2716930000588036,42.918691000068065,9.12,26.3,0.57,3.2,0.09,3.14,42.52,0.0,0.01,5,5,0,emergency_stop,Unknown,0.13019097222222223,2
0,5,0.28438899994398525,42.51821899993047,9.02,25.77,0.61,3.27,0.1,3.28,42.14,0.0,0.01,5,5,0,emergency_stop,Unknown,0.13019097222222223,2
0,6,0.24423000013484852,42.67824500016104,8.76,25.66,0.57,3.62,0.09,3.51,42.31,0.0,0.01,5,5,0,emergency_stop,Unknown,0.13019097222222223,2
0,7,0.30419700010497763,44.58158100010223,9.38,26.88,0.6,3.7,0.1,3.4,44.17,0.0,0.01,5,5,0,emergency_stop,Unknown,0.13019097222222223,2
0,8,0.38861400003042945,45.531068000173036,9.53,27.37,0.77,3.81,0.1,3.37,45.04,0.0,0.01,5,5,0,emergency_stop,Unknown,0.13019097222222223,2
0,9,0.324686999874757,48.53569499982768,9.43,28.51,0.53,4.68,0.13,4.65,48.04,0.0,0.01,5,5,0,emergency_stop,Unknown,0.13019097222222223,2
0,10,0.42654700018829317,45.01432799997929,9.92,26.62,0.52,3.84,0.1,3.38,44.47,0.0,0.01,5,5,0,emergency_stop,Unknown,0.13019097222222223,2
0,11,0.3482719998828543,44.38047700000425,9.4,26.83,0.58,3.33,0.12,3.57,43.93,0.0,0.01,5,5,0,emergency_stop,Unknown,0.13019097222222223,2
0,12,0.31315999990511045,44.92801499986854,9.52,26.95,0.77,3.76,0.1,3.3,44.51,0.0,0.02,5,5,0,emergency_stop,Unknown,0.13019097222222223,2
0,13,0.30318800008899416,44.11904900007357,9.43,26.58,0.62,3.37,0.1,3.52,43.72,0.0,0.01,5,5,0,emergency_stop,Unknown,0.13019097222222223,2
0,14,0.29190000009293726,44.33888900007332,9.5,26.51,0.66,3.59,0.11,3.48,43.95,0.0,0.01,5,5,0,emergency_stop,Unknown,0.13019097222222223,2
0,15,0.3083169999626989,45.65485000011904,9.71,27.65,0.71,3.45,0.1,3.52,45.23,0.0,0.01,5,5,0,emergency_stop,Unknown,0.13019097222222223,2
0,16,0.29236299997137394,45.58577900002092,8.99,28.29,0.67,3.63,0.1,3.38,45.17,0.0,0.01,5,5,0,emergency_stop,Unknown,0.13019097222222223,2
0,17,0.30985299986241444,43.8861289999295,9.37,26.59,0.66,3.4,0.09,3.28,43.48,0.0,0.01,5,5,0,emergency_stop,Unknown,0.13019097222222223,2
0,18,0.3077750000102242,53.205557999945086,9.16,31.48,0.59,5.18,0.18,6.01,52.74,0.0,0.02,5,5,0,emergency_stop,Unknown,0.13019097222222223,2
0,19,0.31011799978841736,49.203912999928434,13.23,27.94,0.6,3.6,0.11,3.22,48.78,0.0,0.01,5,5,0,emergency_stop,Unknown,0.13019097222222223,2
0,20,0.3025500000148895,44.27966299999753,9.45,26.54,0.55,3.7,0.12,3.42,43.88,0.0,0.01,5,5,0,emergency_stop,Unknown,0.13019097222222223,2
0,21,0.2861080001821392,43.65596100001312,9.24,26.43,0.5,3.42,0.1,3.5,43.27,0.0,0.01,5,5,0,emergency_stop,Unknown,0.13019097222222223,2
0,22,0.25633399991420447,43.148750999989716,8.89,25.78,0.63,4.27,0.12,3.01,42.8,0.0,0.01,5,5,0,emergency_stop,Unknown,0.13019097222222223,2
0,23,0.2535969999826193,45.919565000076545,11.07,26.6,0.68,3.55,0.11,3.46,45.57,0.0,0.01,5,5,0,emergency_stop,Unknown,0.13019097222222223,2
0,24,0.2501670001038292,43.23692100001608,9.18,26.11,0.56,3.62,0.1,3.23,42.88,0.0,0.01,5,5,0,emergency_stop,Unknown,0.13019097222222223,2
0,25,0.2811940000810864,43.24350100000629,8.87,25.63,0.63,3.36,0.09,4.13,42.83,0.0,0.01,5,5,0,emergency_stop,Unknown,0.13019097222222223,2
0,26,0.35032899995712796,71.88947300005566,14.98,43.08,1.04,5.9,0.17,6.05,71.38,0.0,0.02,5,5,0,emergency_stop,Unknown,0.13019097222222223,2
0,27,0.5271879999781959,71.66522500006067,14.31,44.19,0.96,5.33,0.17,5.85,70.98,0.0,0.04,5,5,0,emergency_stop,Unknown,0.13019097222222223,2
0,28,0.36448600008043286,64.2303740000898,11.44,41.09,0.81,4.73,0.16,5.36,63.73,0.0,0.02,5,5,0,emergency_stop,Unknown,0.13019097222222223,2
0,29,0.3510270000788296,64.92159300000822,10.99,41.15,0.85,5.28,0.13,5.88,64.42,0.0,0.02,5,5,0,emergency_stop,Unknown,0.13019097222222223,2
0,30,0.42242299991812615,64.54620499994235,12.51,39.64,0.85,4.72,0.19,5.94,63.98,0.0,0.02,5,5,0,emergency_stop,Unknown,0.13019097222222223,2
0,31,0.33269400000790483,62.93416799985607,10.97,40.06,0.94,4.77,0.14,5.45,62.47,0.0,0.01,5,5,0,emergency_stop,Unknown,0.13019097222222223,2
0,32,0.3157979999741656,62.17709199995625,10.81,39.2,0.97,5.24,0.2,5.12,61.7,0.0,0.03,5,5,0,emergency_stop,Unknown,0.13019097222222223,2
0,33,0.35359500020604173,68.62211700013177,12.65,41.71,0.97,5.65,0.19,6.73,68.07,0.0,0.02,5,5,0,emergency_stop,Unknown,0.13019097222222223,2
0,34,0.40083499993670557,70.94109300010132,12.97,45.46,0.82,5.02,0.19,5.76,70.36,0.0,0.02,5,5,0,emergency_stop,Unknown,0.13019097222222223,2
0,35,0.3777489998810779,62.56886200003464,11.25,39.02,0.76,4.77,0.14,5.93,62.01,0.0,0.01,5,5,0,emergency_stop,Unknown,0.13019097222222223,2
0,36,0.37125999983800284,72.40847299999587,11.44,45.05,0.83,6.73,0.12,7.53,71.85,0.0,0.02,5,5,0,emergency_stop,Unknown,0.13019097222222223,2
0,37,0.3187849999903847,70.84461499994177,14.09,44.5,0.87,5.08,0.16,5.53,70.4,0.0,0.05,5,5,0,emergency_stop,Unknown,0.13019097222222223,2
0,38,0.3401339999982156,61.914243000046554,11.06,38.79,0.79,5.07,0.15,5.45,61.45,0.0,0.01,5,5,0,emergency_stop,Unknown,0.13019097222222223,2
0,39,0.32210000017585116,64.01734000019133,13.1,39.24,0.81,4.73,0.12,5.46,63.57,0.0,0.01,5,5,0,emergency_stop,Unknown,0.13019097222222223,2
0,40,0.32466700008626503,64.27645200005827,10.65,41.14,0.76,5.33,0.15,5.63,63.82,0.0,0.02,5,5,0,emergency_stop,Unknown,0.13019097222222223,2
0,41,0.3293800000392366,61.36487200001284,11.33,38.5,0.78,4.72,0.14,5.31,60.9,0.0,0.01,5,5,0,emergency_stop,Unknown,0.13019097222222223,2
0,42,0.29545500001404434,63.26306799996928,10.89,40.38,0.73,4.81,0.17,5.69,62.82,0.0,0.02,5,5,0,emergency_stop,Unknown,0.13019097222222223,2
0,43,0.32930600013969524,72.28367000016078,12.08,47.41,0.96,4.92,0.15,6.1,71.77,0.0,0.02,5,5,0,emergency_stop,Unknown,0.13019097222222223,2
0,44,0.36294999995334365,62.48546200004057,11.53,39.0,0.85,4.69,0.17,5.6,61.99,0.0,0.01,5,5,0,emergency_stop,Unknown,0.13019097222222223,2
0,45,0.3033800001048803,63.58510700010811,11.56,40.08,0.77,5.03,0.14,5.42,63.15,0.0,0.02,5,5,0,emergency_stop,Unknown,0.13019097222222223,2
0,46,0.3060520000417455,62.8290790000392,10.74,39.94,0.95,4.8,0.16,5.67,62.38,0.0,0.01,5,5,0,emergency_stop,Unknown,0.13019097222222223,2
0,47,0.29219899988675024,62.69163299998581,10.79,39.51,0.88,4.9,0.15,5.9,62.28,0.0,0.02,5,5,0,emergency_stop,Unknown,0.13019097222222223,2
0,48,0.30896199996277574,61.791129000084766,10.66,39.62,0.78,4.95,0.12,5.09,61.36,0.0,0.01,5,5,0,emergency_stop,Unknown,0.13019097222222223,2
0,49,0.29898599996158737,62.31640700002572,11.45,39.18,0.86,4.91,0.13,5.21,61.88,0.0,0.01,5,5,0,emergency_stop,Unknown,0.13019097222222223,2
0,50,0.3747509999811882,62.03375299992331,10.94,38.91,0.87,4.82,0.12,5.69,61.5,0.0,0.02,5,5,0,emergency_stop,Unknown,0.13019097222222223,2
0,51,0.284916000055091,64.34903500007749,10.94,41.14,0.85,4.87,0.14,5.86,63.94,0.0,0.01,5,5,0,emergency_stop,Unknown,0.13019097222222223,2
0,52,0.2974110000195651,74.13334800003213,13.87,46.21,1.08,6.75,0.17,5.45,73.69,0.0,0.02,5,5,0,emergency_stop,Unknown,0.13019097222222223,2
0,53,0.34635299994079105,72.6825970000391,12.05,47.3,0.88,5.96,0.17,5.6,72.16,0.0,0.02,5,5,0,emergency_stop,Unknown,0.13019097222222223,2
0,54,0.3887000000304397,67.72751500011509,13.82,42.12,0.8,5.17,0.17,4.94,67.17,0.0,0.02,5,5,0,emergency_stop,Unknown,0.13019097222222223,2
0,55,0.4071109999586042,69.32434099985585,15.64,41.06,0.89,5.09,0.14,5.82,68.77,0.0,0.02,5,5,0,emergency_stop,Unknown,0.13019097222222223,2
0,56,0.3173850000166567,61.94782300008228,11.41,38.69,0.72,4.79,0.12,5.63,61.5,0.0,0.02,5,5,0,emergency_stop,Unknown,0.13019097222222223,2
0,57,0.29833400003553834,62.604053000086424,10.76,40.09,0.71,4.82,0.14,5.53,62.16,0.0,0.02,5,5,0,emergency_stop,Unknown,0.13019097222222223,2
0,58,0.3402340000775439,63.42647199994644,10.83,40.86,0.68,4.89,0.12,5.43,62.95,0.0,0.02,5,5,0,emergency_stop,Unknown,0.13019097222222223,2
0,59,0.2980350000143517,62.057952000031946,10.81,39.66,0.71,4.7,0.12,5.48,61.63,0.0,0.02,5,5,0,emergency_stop,Unknown,0.13019097222222223,2
0,60,0.3031139999620791,64.74483300007705,10.84,41.04,0.9,4.91,0.16,6.25,64.25,0.0,0.02,5,5,0,emergency_stop,Unknown,0.13019097222222223,2
0,61,0.5903450000914745,69.65858800003843,12.12,44.5,0.71,5.23,0.15,5.98,68.87,0.0,0.02,5,5,0,emergency_stop,Unknown,0.13019097222222223,2
0,62,0.4322310001043661,69.35851100001855,14.33,41.88,1.15,5.06,0.23,5.92,68.75,0.0,0.02,5,5,0,emergency_stop,Unknown,0.13019097222222223,2
0,63,0.3659520000383054,72.38488799998777,14.26,45.13,1.26,5.07,0.17,5.78,71.85,0.0,0.02,5,5,0,emergency_stop,Unknown,0.13019097222222223,2
0,64,0.40979499999593827,72.81451900007596,15.31,45.0,1.0,5.21,0.17,5.42,72.26,0.0,0.02,5,5,0,emergency_stop,Unknown,0.13019097222222223,2
0,65,0.35165600002073916,70.43758999998317,13.35,44.32,0.69,5.38,0.18,5.86,69.92,0.0,0.02,5,5,0,emergency_stop,Unknown,0.13019097222222223,2
0,66,0.4400860000259854,71.00802600007228,16.85,44.58,0.99,3.94,0.13,3.8,70.4,0.0,0.01,5,5,0,emergency_stop,Unknown,0.13019097222222223,2
0,67,0.4402789998039225,45.61326099997132,9.61,26.88,0.7,4.14,0.11,3.48,45.06,0.0,0.01,5,5,0,emergency_stop,Unknown,0.13019097222222223,2
0,68,0.3555719999894791,45.63483900005849,9.57,27.66,0.6,3.56,0.1,3.59,45.18,0.0,0.01,5,5,0,emergency_stop,Unknown,0.13019097222222223,2
0,69,0.3216619998056558,49.94384499991611,9.38,28.16,0.62,5.18,0.17,5.7,49.49,0.0,0.02,5,5,0,emergency_stop,Unknown,0.13019097222222223,2
0,70,0.3462649999619316,54.8047449999558,15.09,30.78,0.9,3.78,0.1,3.57,54.33,0.0,0.01,5,5,0,emergency_stop,Unknown,0.13019097222222223,2
0,71,0.30818300001556054,44.631205999849044,9.5,26.67,0.66,3.48,0.09,3.71,44.21,0.0,0.01,5,5,0,emergency_stop,Unknown,0.13019097222222223,2
0,72,0.35310099997332145,46.83179999983622,9.07,29.51,0.68,3.47,0.12,3.42,46.38,0.0,0.01,5,5,0,emergency_stop,Unknown,0.13019097222222223,2
0,73,0.2948080000351183,44.40238100005445,9.68,26.87,0.62,3.23,0.1,3.43,44.02,0.0,0.01,5,5,0,emergency_stop,Unknown,0.13019097222222223,2
0,74,0.26114999991477816,43.16783800004487,8.99,26.05,0.69,3.59,0.1,3.29,42.81,0.0,0.01,5,5,0,emergency_stop,Unknown,0.13019097222222223,2
0,75,0.26396899988867517,42.80348799989042,8.98,26.21,0.51,3.39,0.1,3.17,42.45,0.0,0.01,5,5,0,emergency_stop,Unknown,0.13019097222222223,2
0,76,0.279646000080902,43.83337199988091,8.88,26.43,0.5,3.67,0.1,3.77,43.45,0.0,0.01,5,5,0,emergency_stop,Unknown,0.13019097222222223,2
0,77,0.29561799988186976,44.48747099991124,9.26,26.69,0.54,3.64,0.1,3.75,44.08,0.0,0.01,5,5,0,emergency_stop,Unknown,0.13019097222222223,2
0,78,0.27942399992753053,46.638841000003595,9.52,27.22,0.57,4.23,0.13,4.4,46.23,0.0,0.02,5,5,0,emergency_stop,Unknown,0.13019097222222223,2
0,79,0.35106899986203643,44.968252999979086,10.53,26.22,0.59,3.65,0.11,3.26,44.49,0.0,0.01,5,5,0,emergency_stop,Unknown,0.13019097222222223,2
0,80,0.28511999994407233,44.050311999853875,9.23,26.85,0.61,3.35,0.1,3.43,43.66,0.0,0.01,5,5,0,emergency_stop,Unknown,0.13019097222222223,2
0,81,0.2982930000143824,43.62849400013147,9.36,26.42,0.58,3.55,0.09,3.13,43.24,0.0,0.01,5,5,0,emergency_stop,Unknown,0.13019097222222223,2
0,82,0.26641599993126874,42.55543099998249,9.03,25.74,0.53,3.49,0.09,3.21,42.18,0.0,0.01,5,5,0,emergency_stop,Unknown,0.13019097222222223,2
0,83,0.28196499988553114,44.530169999916325,9.57,26.98,0.56,3.37,0.09,3.48,44.14,0.0,0.01,5,5,0,emergency_stop,Unknown,0.13019097222222223,2
0,84,0.27038899997933186,43.989717999920686,8.96,26.77,0.62,3.83,0.1,3.25,43.61,0.0,0.01,5,5,0,emergency_stop,Unknown,0.13019097222222223,2
0,85,0.2938739999081008,42.791558000089935,8.93,26.02,0.5,3.53,0.09,3.25,42.4,0.0,0.01,5,5,0,emergency_stop,Unknown,0.13019097222222223,2
0,86,0.298024999892732,42.95303599997169,8.94,26.07,0.57,3.48,0.11,3.31,42.56,0.0,0.01,5,5,0,emergency_stop,Unknown,0.13019097222222223,2
0,87,0.2759030001016072,42.9401470000812,8.68,25.97,0.59,3.67,0.13,3.43,42.57,0.0,0.01,5,5,0,emergency_stop,Unknown,0.13019097222222223,2
0,88,0.2610540000205219,45.99460500003261,9.61,28.08,0.51,3.59,0.12,3.62,45.63,0.0,0.01,5,5,0,emergency_stop,Unknown,0.13019097222222223,2
0,89,0.30657199999950535,47.01136000016959,9.72,28.06,0.71,4.01,0.11,3.87,46.59,0.0,0.01,5,5,0,emergency_stop,Unknown,0.13019097222222223,2
0,90,0.30126699994070805,47.51362299998618,9.82,28.75,0.63,3.98,0.11,3.71,47.1,0.0,0.01,5,5,0,emergency_stop,Unknown,0.13019097222222223,2
0,91,0.29754900015177554,47.83472100007202,9.6,29.61,0.63,3.74,0.12,3.63,47.43,0.0,0.01,5,5,0,emergency_stop,Unknown,0.13019097222222223,2
0,92,0.3099570001268148,54.09621400008291,9.5,30.3,0.7,5.2,0.18,7.55,53.6,0.0,0.02,5,5,0,emergency_stop,Unknown,0.13019097222222223,2
0,93,0.3475529999832361,52.24100499981432,15.25,28.12,0.78,3.91,0.11,3.49,51.77,0.0,0.01,5,5,0,emergency_stop,Unknown,0.13019097222222223,2
0,94,0.34071499999299704,45.82903499999702,9.32,27.79,0.66,3.8,0.11,3.6,45.38,0.0,0.01,5,5,0,emergency_stop,Unknown,0.13019097222222223,2
0,95,0.32007499999053834,55.93653100004303,9.66,34.05,0.58,5.28,0.16,5.54,55.41,0.0,0.02,5,5,0,emergency_stop,Unknown,0.13019097222222223,2
0,96,0.3896519999671,46.74291199989966,10.58,28.24,0.61,3.31,0.11,3.31,46.26,0.0,0.01,5,5,0,emergency_stop,Unknown,0.13019097222222223,2
0,97,0.3291309999440273,43.17142799982321,9.11,26.07,0.57,3.41,0.1,3.38,42.73,0.0,0.01,5,5,0,emergency_stop,Unknown,0.13019097222222223,2
0,98,0.29125100013516203,44.500886000150786,9.52,26.3,0.7,3.75,0.1,3.57,44.12,0.0,0.03,5,5,0,emergency_stop,Unknown,0.13019097222222223,2
0,99,0.2873549999549141,42.79330899998968,8.8,26.1,0.6,3.5,0.11,3.22,42.42,0.0,0.01,5,5,0,emergency_stop,Unknown,0.13019097222222223,2
1,0,0.2618379999148601,47.53143099992485,12.28,27.05,0.57,3.53,0.1,3.54,47.16,0.0,0.01,5,5,0,emergency_stop,Unknown,0.13019097222222223,2
1,1,0.29828899982931034,45.8777999999711,9.09,28.62,0.51,3.91,0.1,3.16,45.48,0.0,0.01,5,5,0,emergency_stop,Unknown,0.13019097222222223,2
1,2,0.3612099999372731,45.45464400007404,9.72,27.12,0.59,3.42,0.1,3.96,44.99,0.0,0.01,5,5,0,emergency_stop,Unknown,0.13019097222222223,2
1,3,0.3501820001474698,43.6215039999297,9.03,26.8,0.6,3.43,0.09,3.12,43.17,0.0,0.01,5,5,0,emergency_stop,Unknown,0.13019097222222223,2
1,4,0.2725300000747666,44.090229000175896,9.12,26.44,0.57,3.53,0.1,3.8,43.68,0.0,0.01,5,5,0,emergency_stop,Unknown,0.13019097222222223,2
1,5,0.310745999968276,43.76980699998967,8.94,26.99,0.68,3.5,0.09,3.08,43.35,0.0,0.01,5,5,0,emergency_stop,Unknown,0.13019097222222223,2
1,6,0.24837399996613385,43.2406729999002,8.55,26.66,0.63,3.41,0.09,3.44,42.88,0.0,0.01,5,5,0,emergency_stop,Unknown,0.13019097222222223,2
1,7,0.27347900004315306,45.56522400002905,9.71,27.35,0.56,3.74,0.12,3.62,45.19,0.0,0.01,5,5,0,emergency_stop,Unknown,0.13019097222222223,2
1,8,0.33507999978610314,43.015691999926275,8.8,25.91,0.61,3.68,0.1,3.38,42.57,0.0,0.01,5,5,0,emergency_stop,Unknown,0.13019097222222223,2
1,9,0.2869170000394661,43.06056000018543,9.14,26.05,0.52,3.55,0.1,3.23,42.68,0.0,0.01,5,5,0,emergency_stop,Unknown,0.13019097222222223,2
1,10,0.25842700006251107,43.24876500004393,8.79,26.09,0.71,3.48,0.09,3.64,42.88,0.0,0.01,5,5,0,emergency_stop,Unknown,0.13019097222222223,2
1,11,0.26525199996285664,43.779832999916835,8.86,27.19,0.56,3.52,0.09,3.12,43.42,0.0,0.01,5,5,0,emergency_stop,Unknown,0.13019097222222223,2
1,12,0.2609709999887855,42.00646699996469,8.72,25.81,0.53,3.23,0.09,3.19,41.65,0.0,0.01,5,5,0,emergency_stop,Unknown,0.13019097222222223,2
1,13,0.3037270000731951,45.34319799995501,9.25,27.42,0.55,3.84,0.12,3.63,44.93,0.0,0.01,5,5,0,emergency_stop,Unknown,0.13019097222222223,2
1,14,0.2974640001411899,45.82638500005487,9.4,27.58,0.61,3.82,0.14,3.77,45.43,0.0,0.01,5,5,0,emergency_stop,Unknown,0.13019097222222223,2
1,15,0.3921090001313132,45.64232500001708,10.69,26.58,0.63,3.88,0.12,3.15,45.15,0.0,0.01,5,5,0,emergency_stop,Unknown,0.13019097222222223,2
1,16,0.27061900004810013,44.038322999995216,8.93,26.94,0.56,3.77,0.12,3.24,43.67,0.0,0.01,5,5,0,emergency_stop,Unknown,0.13019097222222223,2
1,17,0.28554699997584976,53.248196000140524,9.25,32.02,0.52,5.06,0.18,5.67,52.84,0.0,0.02,5,5,0,emergency_stop,Unknown,0.13019097222222223,2
1,18,0.3033840000625787,44.88404900007481,9.62,27.05,0.66,3.49,0.1,3.43,44.47,0.0,0.01,5,5,0,emergency_stop,Unknown,0.13019097222222223,2
1,19,0.31830800003262993,45.36049700004696,9.94,26.94,0.57,3.61,0.11,3.65,44.92,0.0,0.01,5,5,0,emergency_stop,Unknown,0.13019097222222223,2
1,20,0.3293310001026839,44.59720299996661,9.5,26.49,0.64,3.73,0.12,3.57,44.16,0.0,0.02,5,5,0,emergency_stop,Unknown,0.13019097222222223,2
1,21,0.38752099999328493,44.90613100006158,9.43,27.04,0.66,3.7,0.1,3.4,44.42,0.0,0.01,5,5,0,emergency_stop,Unknown,0.13019097222222223,2
1,22,0.33163900002364244,45.48613900010423,9.29,28.13,0.53,3.55,0.1,3.34,45.05,0.0,0.01,5,5,0,emergency_stop,Unknown,0.13019097222222223,2
1,23,0.35354699980416626,44.57869199995912,9.45,26.82,0.58,3.49,0.1,3.59,44.12,0.0,0.01,5,5,0,emergency_stop,Unknown,0.13019097222222223,2
1,24,0.3247890001603082,50.334324000004926,12.43,29.49,0.82,3.43,0.1,3.51,49.91,0.0,0.03,5,5,0,emergency_stop,Unknown,0.13019097222222223,2
1,25,0.3919050000149582,43.554760000006354,9.45,26.07,0.56,3.6,0.09,3.21,43.06,0.0,0.01,5,5,0,emergency_stop,Unknown,0.13019097222222223,2
1,26,0.31587299986313155,47.639215999879525,9.63,28.72,0.7,4.01,0.13,3.91,47.21,0.0,0.01,5,5,0,emergency_stop,Unknown,0.13019097222222223,2
1,27,0.3643550001015683,44.31123400013348,9.66,26.55,0.63,3.69,0.1,3.12,43.85,0.0,0.01,5,5,0,emergency_stop,Unknown,0.13019097222222223,2
1,28,0.3379729998869152,43.69386600001235,8.79,26.8,0.55,3.35,0.1,3.56,43.26,0.0,0.02,5,5,0,emergency_stop,Unknown,0.13019097222222223,2
1,29,0.3485909999199066,48.32651799983978,9.35,28.78,0.57,4.56,0.14,4.34,47.84,0.0,0.01,5,5,0,emergency_stop,Unknown,0.13019097222222223,2
1,30,0.614947000030952,45.54370799996832,10.54,26.31,0.63,3.64,0.11,3.49,44.81,0.0,0.01,5,5,0,emergency_stop,Unknown,0.13019097222222223,2
1,31,0.28650399985963304,44.542489999912505,8.96,26.94,0.59,3.82,0.12,3.62,44.15,0.0,0.01,5,5,0,emergency_stop,Unknown,0.13019097222222223,2
1,32,0.3225850000490027,44.10445999997137,9.23,26.48,0.71,3.59,0.12,3.42,43.66,0.0,0.01,5,5,0,emergency_stop,Unknown,0.13019097222222223,2
1,33,0.2979070000037609,45.04860099996222,9.11,27.79,0.65,3.63,0.11,3.24,44.65,0.0,0.03,5,5,0,emergency_stop,Unknown,0.13019097222222223,2
1,34,0.32632600004944834,43.47197100014455,8.93,26.16,0.59,3.62,0.1,3.56,43.04,0.0,0.01,5,5,0,emergency_stop,Unknown,0.13019097222222223,2
1,35,0.33272700011366396,47.660610000093584,8.92,30.76,0.53,3.49,0.1,3.33,47.22,0.0,0.01,5,5,0,emergency_stop,Unknown,0.13019097222222223,2
1,36,0.30230200013647845,43.456405000142695,8.95,26.56,0.68,3.6,0.09,3.09,43.06,0.0,0.01,5,5,0,emergency_stop,Unknown,0.13019097222222223,2
1,37,0.2990060002048267,42.9338670001016,8.88,26.1,0.65,3.44,0.1,3.26,42.54,0.0,0.01,5,5,0,emergency_stop,Unknown,0.13019097222222223,2
1,38,0.2726989998791396,44.36478499997065,9.17,27.14,0.53,3.39,0.09,3.55,43.96,0.0,0.01,5,5,0,emergency_stop,Unknown,0.13019097222222223,2
1,39,0.26475599997866084,44.66936799985888,9.19,27.75,0.54,3.53,0.09,3.13,44.31,0.0,0.01,5,5,0,emergency_stop,Unknown,0.13019097222222223,2
1,40,0.29761099995084805,59.37702000005629,10.54,39.93,0.82,3.97,0.1,3.52,58.97,0.0,0.01,5,5,0,emergency_stop,Unknown,0.13019097222222223,2
1,41,0.30109299996183836,43.07120099997519,9.22,26.01,0.54,3.5,0.09,3.23,42.67,0.0,0.01,5,5,0,emergency_stop,Unknown,0.13019097222222223,2
1,42,0.27287700004308135,43.389843000113615,9.1,26.31,0.6,3.38,0.1,3.45,43.02,0.0,0.01,5,5,0,emergency_stop,Unknown,0.13019097222222223,2
1,43,0.2797800000280404,42.919604999951844,8.95,25.92,0.6,3.71,0.11,3.17,42.53,0.0,0.01,5,5,0,emergency_stop,Unknown,0.13019097222222223,2
1,44,0.2760239999588521,44.029597999951875,8.85,26.71,0.63,3.55,0.1,3.74,43.65,0.0,0.01,5,5,0,emergency_stop,Unknown,0.13019097222222223,2
1,45,0.3417760001411807,44.06413500009876,9.57,26.31,0.58,3.53,0.1,3.44,43.62,0.0,0.01,5,5,0,emergency_stop,Unknown,0.13019097222222223,2
1,46,0.34214700008305954,49.73282600008133,11.65,29.64,0.8,3.43,0.11,3.54,49.27,0.0,0.01,5,5,0,emergency_stop,Unknown,0.13019097222222223,2
1,47,0.33079300010285806,44.41908900003,9.71,26.48,0.75,3.55,0.1,3.27,43.97,0.0,0.01,5,5,0,emergency_stop,Unknown,0.13019097222222223,2
1,48,0.3423940001994197,44.17835600020226,8.91,27.11,0.51,3.44,0.1,3.57,43.73,0.0,0.01,5,5,0,emergency_stop,Unknown,0.13019097222222223,2
1,49,0.319652000143833,45.77265000011721,9.73,27.82,0.58,3.65,0.11,3.34,45.34,0.0,0.01,5,5,0,emergency_stop,Unknown,0.13019097222222223,2
1,50,0.3134590001536708,44.43546500010598,9.02,27.33,0.59,3.42,0.11,3.44,44.02,0.0,0.01,5,5,0,emergency_stop,Unknown,0.13019097222222223,2
1,51,0.332118999949671,45.71222799995667,9.34,27.65,0.62,3.9,0.11,3.54,45.25,0.0,0.01,5,5,0,emergency_stop,Unknown,0.13019097222222223,2
1,52,0.3381950000402867,46.22096599996439,9.94,27.57,0.66,3.7,0.12,3.66,45.76,0.0,0.01,5,5,0,emergency_stop,Unknown,0.13019097222222223,2
1,53,0.3622530000484403,44.806855999922846,9.32,27.1,0.6,3.79,0.09,3.34,44.34,0.0,0.01,5,5,0,emergency_stop,Unknown,0.13019097222222223,2
1,54,0.31858200009082793,44.31955800009746,9.11,26.84,0.7,3.38,0.09,3.69,43.9,0.0,0.01,5,5,0,emergency_stop,Unknown,0.13019097222222223,2
1,55,0.3139759999157832,45.521490000055564,8.93,28.67,0.6,3.47,0.09,3.22,45.09,0.0,0.03,5,5,0,emergency_stop,Unknown,0.13019097222222223,2
1,56,0.30675399989377183,43.36608299990985,9.3,25.98,0.54,3.39,0.1,3.57,42.96,0.0,0.01,5,5,0,emergency_stop,Unknown,0.13019097222222223,2
1,57,0.30186899994077976,43.89536300004693,9.25,26.4,0.59,3.62,0.11,3.36,43.49,0.0,0.02,5,5,0,emergency_stop,Unknown,0.13019097222222223,2
1,58,0.26304299990442814,43.21467399995527,8.97,26.09,0.52,3.59,0.09,3.51,42.86,0.0,0.01,5,5,0,emergency_stop,Unknown,0.13019097222222223,2
1,59,0.2553759998136229,44.024415999956545,9.01,27.07,0.59,3.35,0.11,3.43,43.66,0.0,0.01,5,5,0,emergency_stop,Unknown,0.13019097222222223,2
1,60,0.2467340000293916,44.348964999926466,8.77,25.65,0.55,3.9,0.1,4.93,44.0,0.0,0.01,5,5,0,emergency_stop,Unknown,0.13019097222222223,2
1,61,0.2897399999710615,43.05307000004177,9.32,26.15,0.56,3.27,0.09,3.14,42.62,0.0,0.01,5,5,0,emergency_stop,Unknown,0.13019097222222223,2
1,62,0.2592009998352296,42.8052669999488,8.52,26.26,0.6,3.31,0.1,3.54,42.41,0.0,0.01,5,5,0,emergency_stop,Unknown,0.13019097222222223,2
1,63,0.26271199999428063,57.67075499989005,11.67,37.45,0.92,3.48,0.1,3.57,57.29,0.0,0.01,5,5,0,emergency_stop,Unknown,0.13019097222222223,2
1,64,0.2775380000912264,43.346999000050346,9.24,25.78,0.65,3.56,0.11,3.55,42.97,0.0,0.01,5,5,0,emergency_stop,Unknown,0.13019097222222223,2
1,65,0.3386400001090806,42.21388400014803,8.57,25.55,0.53,3.49,0.09,3.44,41.76,0.0,0.01,5,5,0,emergency_stop,Unknown,0.13019097222222223,2
1,66,0.27464100003271597,42.0938390000174,8.93,25.6,0.55,3.45,0.1,3.01,41.72,0.0,0.01,5,5,0,emergency_stop,Unknown,0.13019097222222223,2
1,67,0.2500659998077026,42.97645999986344,8.91,26.1,0.55,3.43,0.09,3.47,42.63,0.0,0.01,5,5,0,emergency_stop,Unknown,0.13019097222222223,2
1,68,0.23625900007573364,47.32935600009114,8.67,30.7,0.67,3.37,0.11,3.38,47.0,0.0,0.01,5,5,0,emergency_stop,Unknown,0.13019097222222223,2
1,69,0.2596270001049561,43.690242000138824,9.38,26.25,0.58,3.4,0.1,3.53,43.33,0.0,0.01,5,5,0,emergency_stop,Unknown,0.13019097222222223,2
1,70,0.24316999997608946,44.70071000014286,9.36,26.96,0.63,3.79,0.11,3.4,44.35,0.0,0.01,5,5,0,emergency_stop,Unknown,0.13019097222222223,2
1,71,0.305940000089322,43.72329900002114,9.13,26.54,0.54,3.55,0.09,3.39,43.32,0.0,0.01,5,5,0,emergency_stop,Unknown,0.13019097222222223,2
1,72,0.2850150001449947,43.30042000015055,8.66,26.13,0.75,3.65,0.14,3.47,42.9,0.0,0.01,5,5,0,emergency_stop,Unknown,0.13019097222222223,2
1,73,0.260998000157997,43.07559700009733,8.62,26.78,0.75,3.26,0.1,3.12,42.72,0.0,0.01,5,5,0,emergency_stop,Unknown,0.13019097222222223,2
1,74,0.24273500002891524,43.37354800009052,9.17,26.52,0.59,3.25,0.09,3.32,43.03,0.0,0.01,5,5,0,emergency_stop,Unknown,0.13019097222222223,2
1,75,0.27917900001739326,42.19904299998234,8.6,25.59,0.67,3.37,0.1,3.41,41.83,0.0,0.01,5,5,0,emergency_stop,Unknown,0.13019097222222223,2
1,76,0.2913710000029823,42.87454800009982,8.89,25.92,0.65,3.45,0.09,3.37,42.47,0.0,0.01,5,5,0,emergency_stop,Unknown,0.13019097222222223,2
1,77,0.26132599987249705,42.28424600000835,8.81,25.84,0.56,3.47,0.11,3.06,41.93,0.0,0.01,5,5,0,emergency_stop,Unknown,0.13019097222222223,2
1,78,0.24771700009296183,44.24828100013656,8.8,27.54,0.49,3.45,0.1,3.43,43.91,0.0,0.01,5,5,0,emergency_stop,Unknown,0.13019097222222223,2
1,79,0.24821400006658223,42.43106200010516,8.9,25.66,0.57,3.65,0.09,3.11,42.09,0.0,0.01,5,5,0,emergency_stop,Unknown,0.13019097222222223,2
1,80,0.2450770000450575,43.495086999882915,9.41,26.62,0.54,3.38,0.09,3.02,43.16,0.0,0.01,5,5,0,emergency_stop,Unknown,0.13019097222222223,2
1,81,0.25966099997276615,42.6061989999198,8.97,25.7,0.64,3.31,0.09,3.42,42.24,0.0,0.01,5,5,0,emergency_stop,Unknown,0.13019097222222223,2
1,82,0.2480209998338978,42.42980799995166,8.87,25.74,0.7,3.34,0.12,3.21,42.08,0.0,0.01,5,5,0,emergency_stop,Unknown,0.13019097222222223,2
1,83,0.24047600004450942,43.09631999990415,8.55,26.26,0.5,3.91,0.11,3.33,42.76,0.0,0.02,5,5,0,emergency_stop,Unknown,0.13019097222222223,2
1,84,0.24976499980766675,42.58165199985342,9.01,25.86,0.53,3.39,0.09,3.27,42.23,0.0,0.01,5,5,0,emergency_stop,Unknown,0.13019097222222223,2
1,85,0.2458059998389217,42.54261399978532,8.62,25.96,0.58,3.43,0.1,3.42,42.21,0.0,0.01,5,5,0,emergency_stop,Unknown,0.13019097222222223,2
1,86,0.2238300000954041,49.490832999936174,8.98,28.5,0.6,5.14,0.15,5.64,49.14,0.0,0.02,5,5,0,emergency_stop,Unknown,0.13019097222222223,2
1,87,0.288182999838682,48.553869999977906,13.77,26.56,0.56,3.59,0.13,3.44,48.15,0.0,0.01,5,5,0,emergency_stop,Unknown,0.13019097222222223,2
1,88,0.26861000014832825,42.86639300016759,8.98,25.97,0.54,3.46,0.11,3.35,42.5,0.0,0.01,5,5,0,emergency_stop,Unknown,0.13019097222222223,2
1,89,0.2593950000573386,43.18471100009447,9.19,26.3,0.57,3.44,0.09,3.15,42.83,0.0,0.01,5,5,0,emergency_stop,Unknown,0.13019097222222223,2
1,90,0.2446940000027098,42.633697999917786,9.12,26.05,0.49,3.33,0.09,3.14,42.29,0.0,0.01,5,5,0,emergency_stop,Unknown,0.13019097222222223,2
1,91,0.2446800001507654,48.02175400004671,9.3,30.63,0.79,3.49,0.1,3.29,47.69,0.0,0.01,5,5,0,emergency_stop,Unknown,0.13019097222222223,2
1,92,0.22728399994775828,46.37982499980353,9.18,29.31,0.52,3.5,0.09,3.37,46.06,0.0,0.01,5,5,0,emergency_stop,Unknown,0.13019097222222223,2
1,93,0.26879999995799153,44.06847099994593,8.86,26.9,0.56,3.69,0.1,3.45,43.68,0.0,0.01,5,5,0,emergency_stop,Unknown,0.13019097222222223,2
1,94,0.30071100013628893,42.7623279999807,9.29,25.91,0.56,3.22,0.09,3.18,42.35,0.0,0.01,5,5,0,emergency_stop,Unknown,0.13019097222222223,2
1,95,0.29834399992978433,43.8528149998092,9.12,26.54,0.6,3.63,0.13,3.31,43.43,0.0,0.01,5,5,0,emergency_stop,Unknown,0.13019097222222223,2
1,96,0.25209199998244003,44.23762000010356,9.02,26.91,0.52,3.8,0.1,3.41,43.86,0.0,0.01,5,5,0,emergency_stop,Unknown,0.13019097222222223,2
1,97,0.3042240000468155,43.47319900011826,9.57,26.16,0.61,3.33,0.09,3.22,43.07,0.0,0.01,5,5,0,emergency_stop,Unknown,0.13019097222222223,2
1,98,0.2426360001663852,42.42004000002453,8.73,25.98,0.63,3.44,0.11,3.11,42.09,0.0,0.01,5,5,0,emergency_stop,Unknown,0.13019097222222223,2
1,99,0.2517079999506677,42.31184100012797,8.61,25.69,0.66,3.57,0.09,3.23,41.94,0.0,0.01,5,5,0,emergency_stop,Unknown,0.13019097222222223,2
2,0,0.2276010000059614,46.096106000049986,8.86,28.2,0.59,4.08,0.11,3.8,45.74,0.0,0.01,5,5,0,emergency_stop,Unknown,0.13019097222222223,2
2,1,0.31968500002221845,45.89955300002657,9.94,27.66,0.7,3.47,0.1,3.51,45.47,0.0,0.01,5,5,0,emergency_stop,Unknown,0.13019097222222223,2
2,2,0.2787849998640013,43.293228999800704,9.36,25.84,0.67,3.55,0.09,3.27,42.87,0.0,0.01,5,5,0,emergency_stop,Unknown,0.13019097222222223,2
2,3,0.3137999999580643,43.88229899996077,9.95,26.36,0.54,3.4,0.09,3.02,43.46,0.0,0.01,5,5,0,emergency_stop,Unknown,0.13019097222222223,2
2,4,0.24162199997590506,42.66229299992119,8.85,26.03,0.55,3.22,0.1,3.48,42.32,0.0,0.01,5,5,0,emergency_stop,Unknown,0.13019097222222223,2
2,5,0.24990800011437386,42.003919000080714,8.75,25.53,0.64,3.31,0.11,3.21,41.67,0.0,0.01,5,5,0,emergency_stop,Unknown,0.13019097222222223,2
2,6,0.23326499990616867,42.353810999884445,8.69,25.55,0.51,3.7,0.1,3.38,42.03,0.0,0.01,5,5,0,emergency_stop,Unknown,0.13019097222222223,2
2,7,0.2491709999503655,42.45591999983844,8.74,25.85,0.52,3.53,0.1,3.26,42.1,0.0,0.01,5,5,0,emergency_stop,Unknown,0.13019097222222223,2
2,8,0.2248270000109187,44.12800000000061,8.81,27.25,0.52,3.55,0.1,3.48,43.79,0.0,0.01,5,5,0,emergency_stop,Unknown,0.13019097222222223,2
2,9,0.2755159998741874,42.297415999883015,9.18,25.31,0.52,3.56,0.09,3.17,41.92,0.0,0.01,5,5,0,emergency_stop,Unknown,0.13019097222222223,2
2,10,0.23426600000675535,42.95973200009939,9.13,25.94,0.6,3.59,0.1,3.16,42.63,0.0,0.01,5,5,0,emergency_stop,Unknown,0.13019097222222223,2
2,11,0.23525699998572236,42.91773499994633,9.36,26.09,0.5,3.23,0.09,3.23,42.58,0.0,0.01,5,5,0,emergency_stop,Unknown,0.13019097222222223,2
2,12,0.2388230000178737,46.90984100011519,8.77,26.37,0.68,4.97,0.13,5.48,46.54,0.0,0.02,5,5,0,emergency_stop,Unknown,0.13019097222222223,2
2,13,0.26514699993640534,50.680624000051466,14.29,28.13,0.89,3.52,0.09,3.23,50.27,0.0,0.01,5,5,0,emergency_stop,Unknown,0.13019097222222223,2
2,14,0.27403600006437046,43.68895600009637,9.34,26.38,0.61,3.43,0.1,3.37,43.32,0.0,0.01,5,5,0,emergency_stop,Unknown,0.13019097222222223,2
2,15,0.27732299986382714,45.1913039998999,8.92,25.97,0.51,4.77,0.17,4.27,44.72,0.0,0.01,5,5,0,emergency_stop,Unknown,0.13019097222222223,2
2,16,0.32410100016022625,46.34751100002177,11.32,26.79,0.59,3.49,0.13,3.46,45.9,0.0,0.01,5,5,0,emergency_stop,Unknown,0.13019097222222223,2
2,17,0.26077600000462553,43.17392000007203,8.77,26.23,0.66,3.62,0.12,3.32,42.82,0.0,0.01,5,5,0,emergency_stop,Unknown,0.13019097222222223,2
2,18,0.23354599989033886,43.040774000019155,9.01,26.26,0.58,3.33,0.09,3.35,42.71,0.0,0.01,5,5,0,emergency_stop,Unknown,0.13019097222222223,2
2,19,0.29561099995589757,43.56148299984852,8.8,26.63,0.55,3.46,0.09,3.53,43.15,0.0,0.01,5,5,0,emergency_stop,Unknown,0.13019097222222223,2
2,20,0.28572699989126704,42.60149599986107,8.64,26.23,0.56,3.43,0.09,3.18,42.22,0.0,0.01,5,5,0,emergency_stop,Unknown,0.13019097222222223,2
2,21,0.2938740001354745,43.5845720000998,8.96,26.55,0.51,3.67,0.1,3.29,43.19,0.0,0.01,5,5,0,emergency_stop,Unknown,0.13019097222222223,2
2,22,0.26854800012188207,43.2055759999912,9.31,25.99,0.5,3.4,0.11,3.42,42.81,0.0,0.01,5,5,0,emergency_stop,Unknown,0.13019097222222223,2
2,23,0.30778199993619637,42.47124999983498,8.73,25.49,0.6,3.69,0.11,3.34,42.06,0.0,0.01,5,5,0,emergency_stop,Unknown,0.13019097222222223,2
2,24,0.2494039999874076,42.37320400011413,8.69,25.73,0.49,3.7,0.09,3.23,42.03,0.0,0.01,5,5,0,emergency_stop,Unknown,0.13019097222222223,2
2,25,0.2669180000793858,45.00293600017358,9.1,26.7,0.57,3.52,0.15,4.49,44.64,0.0,0.01,5,5,0,emergency_stop,Unknown,0.13019097222222223,2
2,26,0.24769300011939777,43.34235000010267,9.46,25.69,0.61,3.66,0.13,3.36,42.99,0.0,0.01,5,5,0,emergency_stop,Unknown,0.13019097222222223,2
2,27,0.2643860000262066,42.222812000090926,8.83,26.03,0.51,3.26,0.09,3.04,41.85,0.0,0.01,5,5,0,emergency_stop,Unknown,0.13019097222222223,2
2,28,0.22468600013780815,42.66942999993262,8.98,25.96,0.54,3.38,0.1,3.31,42.34,0.0,0.01,5,5,0,emergency_stop,Unknown,0.13019097222222223,2
2,29,0.29837500005669426,43.908965000127864,8.78,27.02,0.67,3.59,0.1,3.27,43.52,0.0,0.01,5,5,0,emergency_stop,Unknown,0.13019097222222223,2
2,30,0.26568499993118166,42.74039599999924,9.25,25.67,0.49,3.56,0.09,3.2,42.38,0.0,0.01,5,5,0,emergency_stop,Unknown,0.13019097222222223,2
2,31,0.24355599998671096,46.16728299993156,8.85,29.27,0.59,3.5,0.11,3.41,45.83,0.0,0.01,5,5,0,emergency_stop,Unknown,0.13019097222222223,2
2,32,0.24091199998110824,42.55959199986137,8.97,25.49,0.65,3.61,0.11,3.3,42.22,0.0,0.01,5,5,0,emergency_stop,Unknown,0.13019097222222223,2
2,33,0.2499089998764248,43.63148699985686,8.93,26.71,0.6,3.47,0.11,3.35,43.27,0.0,0.01,5,5,0,emergency_stop,Unknown,0.13019097222222223,2
2,34,0.2561969999987923,42.89029599999594,8.96,26.08,0.55,3.34,0.09,3.43,42.53,0.0,0.01,5,5,0,emergency_stop,Unknown,0.13019097222222223,2
2,35,0.2973819998715044,42.16830599989407,8.71,25.41,0.51,3.54,0.09,3.41,41.78,0.0,0.01,5,5,0,emergency_stop,Unknown,0.13019097222222223,2
2,36,0.22814399994786072,55.09343800008537,8.5,38.48,0.56,3.78,0.1,3.19,54.72,0.0,0.02,5,5,0,emergency_stop,Unknown,0.13019097222222223,2
2,37,0.2925479998339142,43.30045199981214,8.92,26.34,0.65,3.31,0.12,3.46,42.9,0.0,0.01,5,5,0,emergency_stop,Unknown,0.13019097222222223,2
2,38,0.2680299999155977,46.668011999827286,8.88,29.35,0.7,3.86,0.09,3.3,46.29,0.0,0.01,5,5,0,emergency_stop,Unknown,0.13019097222222223,2
2,39,0.2927250000084314,42.00586000001749,8.71,25.55,0.51,3.22,0.09,3.41,41.58,0.0,0.01,5,5,0,emergency_stop,Unknown,0.13019097222222223,2
2,40,0.2521589999560092,42.996277999918675,9.09,25.49,0.52,3.77,0.12,3.54,42.64,0.0,0.01,5,5,0,emergency_stop,Unknown,0.13019097222222223,2
2,41,0.2716019998842967,42.644644999882075,9.27,25.84,0.6,3.29,0.09,3.11,42.28,0.0,0.01,5,5,0,emergency_stop,Unknown,0.13019097222222223,2
2,42,0.24174000009224983,42.94948899996598,9.13,25.87,0.56,3.55,0.09,3.29,42.59,0.0,0.01,5,5,0,emergency_stop,Unknown,0.13019097222222223,2
2,43,0.3581099999792059,43.657812999981616,9.22,26.17,0.73,3.64,0.1,3.24,43.2,0.0,0.01,5,5,0,emergency_stop,Unknown,0.13019097222222223,2
2,44,0.25512000001981505,44.029694000073505,9.01,26.83,0.59,3.68,0.1,3.38,43.68,0.0,0.01,5,5,0,emergency_stop,Unknown,0.13019097222222223,2
2,45,0.2622970000629721,42.441736000000674,8.78,25.92,0.53,3.32,0.09,3.3,42.07,0.0,0.03,5,5,0,emergency_stop,Unknown,0.13019097222222223,2
2,46,0.26955099997394427,43.26435100006165,8.85,26.49,0.66,3.56,0.13,3.11,42.9,0.0,0.01,5,5,0,emergency_stop,Unknown,0.13019097222222223,2
2,47,0.2552550001837517,43.32075800016355,8.89,26.06,0.69,3.83,0.12,3.28,42.97,0.0,0.01,5,5,0,emergency_stop,Unknown,0.13019097222222223,2
2,48,0.23463999991690798,49.94178499987356,9.72,27.59,0.59,6.02,0.12,5.42,49.58,0.0,0.02,5,5,0,emergency_stop,Unknown,0.13019097222222223,2
2,49,0.29723199986619875,72.69115199983389,15.89,43.95,1.41,5.19,0.12,5.42,72.15,0.0,0.02,5,5,0,emergency_stop,Unknown,0.13019097222222223,2
2,50,0.4050600000482518,71.27416499997707,14.91,43.78,0.78,5.05,0.13,5.89,70.7,0.0,0.03,5,5,0,emergency_stop,Unknown,0.13019097222222223,2
2,51,0.3461039998455817,63.365846999886344,14.02,37.59,0.85,4.58,0.15,5.51,62.87,0.0,0.02,5,5,0,emergency_stop,Unknown,0.13019097222222223,2
2,52,0.31697999997959414,65.57268899996416,11.05,42.57,0.83,4.81,0.15,5.54,65.1,0.0,0.02,5,5,0,emergency_stop,Unknown,0.13019097222222223,2
2,53,0.3166070000588661,65.96925200005899,11.13,42.59,0.66,5.55,0.17,5.28,65.52,0.0,0.02,5,5,0,emergency_stop,Unknown,0.13019097222222223,2
2,54,0.2974760000142851,62.2289410000576,10.84,39.52,0.87,4.89,0.13,5.42,61.8,0.0,0.02,5,5,0,emergency_stop,Unknown,0.13019097222222223,2
2,55,0.30341199999384116,66.68504899994332,11.01,41.2,0.96,4.8,0.13,7.97,66.23,0.0,0.02,5,5,0,emergency_stop,Unknown,0.13019097222222223,2
2,56,0.3368970001247362,69.12159000012252,13.91,42.38,1.13,4.9,0.13,6.02,68.65,0.0,0.02,5,5,0,emergency_stop,Unknown,0.13019097222222223,2
2,57,0.3128509999896778,73.257994999949,14.7,44.24,1.31,5.54,0.19,6.64,72.79,0.0,0.02,5,5,0,emergency_stop,Unknown,0.13019097222222223,2
2,58,0.4196899999442394,66.43065999992359,12.04,41.87,0.85,4.77,0.15,6.06,65.87,0.0,0.02,5,5,0,emergency_stop,Unknown,0.13019097222222223,2
2,59,0.3229349999855913,62.98442699994666,11.47,39.23,0.66,5.15,0.13,5.74,62.52,0.0,0.01,5,5,0,emergency_stop,Unknown,0.13019097222222223,2
2,60,0.31807200002731406,64.05987999983154,11.98,39.03,0.91,5.42,0.14,5.98,63.6,0.0,0.02,5,5,0,emergency_stop,Unknown,0.13019097222222223,2
2,61,0.3257810001286998,63.98674000001847,11.74,40.34,0.76,4.66,0.12,5.75,63.5,0.0,0.02,5,5,0,emergency_stop,Unknown,0.13019097222222223,2
2,62,0.294000999929267,63.40030000001207,11.62,39.6,0.8,5.02,0.15,5.66,62.98,0.0,0.02,5,5,0,emergency_stop,Unknown,0.13019097222222223,2
2,63,0.32688000010239193,67.15675000009469,11.73,41.5,0.83,6.03,0.16,6.25,66.67,0.0,0.02,5,5,0,emergency_stop,Unknown,0.13019097222222223,2
2,64,0.3383350001513463,67.93038900013926,12.2,42.59,0.93,5.32,0.14,6.11,67.44,0.0,0.02,5,5,0,emergency_stop,Unknown,0.13019097222222223,2
2,65,0.34667099998841877,68.28991199995471,12.25,42.54,0.89,5.49,0.15,6.31,67.79,0.0,0.02,5,5,0,emergency_stop,Unknown,0.13019097222222223,2
2,66,0.3183989999797632,64.23374900009549,11.82,40.05,0.85,5.11,0.15,5.66,63.78,0.0,0.02,5,5,0,emergency_stop,Unknown,0.13019097222222223,2
2,67,0.31996899997466244,65.75258199995915,11.14,41.81,0.86,5.23,0.14,5.96,65.28,0.0,0.02,5,5,0,emergency_stop,Unknown,0.13019097222222223,2
2,68,0.3119000000424421,63.78487699998914,11.85,39.28,0.96,4.99,0.2,5.89,63.33,0.0,0.01,5,5,0,emergency_stop,Unknown,0.13019097222222223,2
2,69,0.3116830000635673,65.91236899998876,11.42,42.29,0.74,4.81,0.14,5.87,65.46,0.0,0.05,5,5,0,emergency_stop,Unknown,0.13019097222222223,2
2,70,0.2986340000461496,62.446534999935466,11.29,39.26,0.93,4.57,0.12,5.72,62.02,0.0,0.01,5,5,0,emergency_stop,Unknown,0.13019097222222223,2
2,71,0.2810290000070381,73.27122700007749,10.49,49.11,0.85,4.85,0.16,7.26,72.86,0.0,0.01,5,5,0,emergency_stop,Unknown,0.13019097222222223,2
2,72,0.3194880000592093,85.79732499993042,17.47,54.48,1.66,5.06,0.19,6.33,85.33,0.0,0.02,5,5,0,emergency_stop,Unknown,0.13019097222222223,2
2,73,0.3965580001477065,65.51530500018998,12.92,40.54,0.95,5.07,0.15,5.22,64.99,0.0,0.01,5,5,0,emergency_stop,Unknown,0.13019097222222223,2
2,74,0.32278000003316265,62.0760629999495,10.78,38.73,0.92,5.02,0.16,5.83,61.6,0.0,0.02,5,5,0,emergency_stop,Unknown,0.13019097222222223,2
2,75,0.36228199996912736,74.94562000010774,15.75,47.3,0.98,4.55,0.13,5.57,74.42,0.0,0.02,5,5,0,emergency_stop,Unknown,0.13019097222222223,2
2,76,0.36471700013862574,69.49440200014578,12.42,46.53,0.87,4.4,0.2,4.42,68.99,0.0,0.02,5,5,0,emergency_stop,Unknown,0.13019097222222223,2
2,77,0.38087899997663044,67.54536999983429,11.6,43.47,0.84,5.07,0.15,5.73,67.0,0.0,0.02,5,5,0,emergency_stop,Unknown,0.13019097222222223,2
2,78,0.35425999999461055,62.24959599990143,11.14,39.05,0.8,4.58,0.12,5.94,61.76,0.0,0.02,5,5,0,emergency_stop,Unknown,0.13019097222222223,2
2,79,0.3039449998141208,63.74587599998449,10.96,39.19,0.85,5.1,0.13,6.92,63.28,0.0,0.01,5,5,0,emergency_stop,Unknown,0.13019097222222223,2
2,80,0.32791000012366567,63.25290299992048,12.35,39.16,0.8,4.6,0.12,5.62,62.79,0.0,0.01,5,5,0,emergency_stop,Unknown,0.13019097222222223,2
2,81,0.3162259999953676,62.44202199991378,10.74,39.64,0.95,4.71,0.17,5.62,61.96,0.0,0.02,5,5,0,emergency_stop,Unknown,0.13019097222222223,2
2,82,0.3078879999520723,64.50432800011185,10.85,41.93,0.75,4.98,0.13,5.27,64.06,0.0,0.02,5,5,0,emergency_stop,Unknown,0.13019097222222223,2
2,83,0.2964269999665703,67.6059699999314,11.75,42.22,0.93,4.81,0.17,7.12,67.15,0.0,0.02,5,5,0,emergency_stop,Unknown,0.13019097222222223,2
2,84,0.34265599992977513,66.20001100009176,11.57,43.53,1.04,4.77,0.11,4.55,65.73,0.0,0.02,5,5,0,emergency_stop,Unknown,0.13019097222222223,2
2,85,0.29357600010371243,68.03211200008263,11.74,43.3,0.78,5.39,0.18,6.06,67.59,0.0,0.01,5,5,0,emergency_stop,Unknown,0.13019097222222223,2
2,86,0.3778610000608751,71.87719800003833,16.03,42.34,0.95,5.54,0.16,6.15,71.31,0.0,0.02,5,5,0,emergency_stop,Unknown,0.13019097222222223,2
2,87,0.44559599996318866,68.73997299999246,14.07,42.33,0.9,4.84,0.16,5.63,68.12,0.0,0.02,5,5,0,emergency_stop,Unknown,0.13019097222222223,2
2,88,0.4014389999156265,74.48230599993622,13.35,48.4,0.92,5.42,0.21,5.47,73.92,0.0,0.02,5,5,0,emergency_stop,Unknown,0.13019097222222223,2
2,89,0.4148590001022967,59.75825099994836,15.08,35.7,1.02,3.87,0.12,3.29,59.22,0.0,0.01,5,5,0,emergency_stop,Unknown,0.13019097222222223,2
2,90,0.31325899999501416,44.04941600000711,9.13,26.5,0.53,3.59,0.1,3.65,43.61,0.0,0.01,5,5,0,emergency_stop,Unknown,0.13019097222222223,2
2,91,0.37434999990182405,43.779809999932695,9.63,25.91,0.72,3.42,0.12,3.41,43.31,0.0,0.01,5,5,0,emergency_stop,Unknown,0.13019097222222223,2
2,92,0.32211899997491855,43.21982399983426,9.26,25.64,0.65,3.78,0.1,3.27,42.79,0.0,0.01,5,5,0,emergency_stop,Unknown,0.13019097222222223,2
2,93,0.30098199999883946,43.3046440000453,8.8,26.57,0.54,3.47,0.1,3.32,42.89,0.0,0.01,5,5,0,emergency_stop,Unknown,0.13019097222222223,2
2,94,0.29313200002434314,43.847451999909026,8.9,26.73,0.67,3.59,0.12,3.33,43.45,0.0,0.01,5,5,0,emergency_stop,Unknown,0.13019097222222223,2
2,95,0.3099140001268097,43.92618800011405,8.87,27.05,0.57,3.47,0.1,3.35,43.51,0.0,0.01,5,5,0,emergency_stop,Unknown,0.13019097222222223,2
2,96,0.26193600001533923,58.92561899986504,9.44,36.42,0.54,5.11,0.19,6.68,58.49,0.0,0.01,5,5,0,emergency_stop,Unknown,0.13019097222222223,2
2,97,0.5270130000099016,71.83528000018669,15.05,44.05,0.92,5.19,0.15,5.65,71.15,0.0,0.02,5,5,0,emergency_stop,Unknown,0.13019097222222223,2
2,98,0.3885819999140949,46.45356199989692,12.01,26.15,0.62,3.67,0.11,3.3,45.95,0.0,0.01,5,5,0,emergency_stop,Unknown,0.13019097222222223,2
2,99,0.3917300000466639,43.12072299990177,9.0,26.27,0.53,3.44,0.09,3.2,42.62,0.0,0.01,5,5,0,emergency_stop,Unknown,0.13019097222222223,2
